{
    "timestep": [
        -1,
        0,
        1
    ],
    "theta": [
        [
            0.5,
            0.5000135,
            0.5,
            0.5000135,
            0.5,
            0.5,
            0.5,
            0.5000135
        ],
        [
            0.5,
            0.4999135,
            0.5,
            0.4999135,
            0.5025881904510252,
            0.5000517638090205,
            0.4996592582628907,
            0.4999066851652578
        ]
    ],
    "phi": [
        [
            1.0,
            0.0,
            1.0,
            0.0,
            0.0,
            0.0,
            1.0,
            0.0
        ],
        [
            1.0,
            0.030000000000000006,
            1.0,
            0.030000000000000006,
            0.0,
            0.0,
            1.0,
            0.030000000000000006
        ]
    ],
    "q_obs": [
        1.545,
        2.6446206852096834
    ],
    "q_pred": [
        1.5,
        1.545001215
    ],
    "action": [
        0,
        0.030000000000000006
    ],
    "state": [
        [
            2.0,
            2.0,
            2.0,
            0.0,
            0.0,
            0,
            120.0
        ],
        [
            1.9125,
            1.9125,
            2.0,
            3.5,
            -0.029166666666666667,
            0,
            116.5
        ]
    ],
    "is_greedy": [
        true,
        true
    ],
    "q_tables": [
        [
            [
                -0.04,
                1.44
            ],
            [
                -0.03,
                1.455
            ],
            [
                -0.019999999999999997,
                1.47
            ],
            [
                -0.009999999999999995,
                1.4849999999999999
            ],
            [
                6.938893903907228e-18,
                1.5
            ],
            [
                0.010000000000000009,
                1.5150000000000001
            ],
            [
                0.02000000000000001,
                1.53
            ],
            [
                0.030000000000000006,
                1.545
            ]
        ],
        [
            [
                -0.05,
                1.531751811911072
            ],
            [
                -0.04,
                1.5478759366680164
            ],
            [
                -0.03,
                1.564000061424961
            ],
            [
                -0.019999999999999997,
                1.5801241861819055
            ],
            [
                -0.009999999999999995,
                1.59624831093885
            ],
            [
                6.938893903907228e-18,
                1.6123724356957945
            ],
            [
                0.010000000000000009,
                1.628496560452739
            ],
            [
                0.020000000000000004,
                1.6446206852096834
            ]
        ]
    ],
    "average_reward": [
        0.0,
        0.5
    ],
    "cumulative_reward": [
        0,
        1
    ],
    "reward": [
        0,
        1
    ]
}