{
    "Crystal-RXXFA": {
        "type": "base",
        "baseline_price": [],
        "reward_price": [],
        "temp_in_opt": [
            19.3,
            19.578973632543278,
            19.850737768166468
        ],
        "temp_wh_opt": [
            45.75,
            46.03118185029763,
            46.31227854158612
        ],
        "p_grid_opt": [
            6.0,
            6.0
        ],
        "p_load_opt": [
            6.0,
            6.0
        ],
        "hvac_cool_on_opt": [
            0.0,
            0.0
        ],
        "hvac_heat_on_opt": [
            1.0,
            1.0
        ],
        "wh_heat_on_opt": [
            1.0,
            1.0
        ],
        "cost_opt": [
            0.30000000000000004,
            0.30000000000000004
        ]
    },
    "Myles-XQ5IA": {
        "type": "base",
        "baseline_price": [],
        "reward_price": [],
        "temp_in_opt": [
            19.3,
            19.728051216702074,
            20.14444406121503
        ],
        "temp_wh_opt": [
            45.75,
            46.028634642068376,
            46.308367270573584
        ],
        "p_grid_opt": [
            6.0,
            6.0
        ],
        "p_load_opt": [
            6.0,
            6.0
        ],
        "hvac_cool_on_opt": [
            0.0,
            0.0
        ],
        "hvac_heat_on_opt": [
            1.0,
            1.0
        ],
        "wh_heat_on_opt": [
            1.0,
            1.0
        ],
        "cost_opt": [
            0.30000000000000004,
            0.30000000000000004
        ]
    },
    "Lillie-NMHUH": {
        "type": "base",
        "baseline_price": [],
        "reward_price": [],
        "temp_in_opt": [
            19.3,
            19.653905692228882,
            19.21109756604771
        ],
        "temp_wh_opt": [
            45.75,
            46.03117069441399,
            46.306716729851765
        ],
        "p_grid_opt": [
            6.0,
            2.5
        ],
        "p_load_opt": [
            6.0,
            2.5
        ],
        "hvac_cool_on_opt": [
            0.0,
            0.0
        ],
        "hvac_heat_on_opt": [
            1.0,
            0.0
        ],
        "wh_heat_on_opt": [
            1.0,
            1.0
        ],
        "cost_opt": [
            0.30000000000000004,
            0.125
        ]
    },
    "Robert-2D73X": {
        "type": "base",
        "baseline_price": [],
        "reward_price": [],
        "temp_in_opt": [
            19.3,
            19.69110562506056,
            19.280206303886043
        ],
        "temp_wh_opt": [
            45.75,
            46.001651807176394,
            46.247358225886906
        ],
        "p_grid_opt": [
            6.0,
            2.5
        ],
        "p_load_opt": [
            6.0,
            2.5
        ],
        "hvac_cool_on_opt": [
            0.0,
            0.0
        ],
        "hvac_heat_on_opt": [
            1.0,
            0.0
        ],
        "wh_heat_on_opt": [
            1.0,
            1.0
        ],
        "cost_opt": [
            0.30000000000000004,
            0.125
        ]
    },
    "Serena-98EPE": {
        "type": "base",
        "baseline_price": [],
        "reward_price": [],
        "temp_in_opt": [
            19.3,
            19.598593230229298,
            19.887920825888266
        ],
        "temp_wh_opt": [
            45.75,
            46.04013233489964,
            46.33025729351091
        ],
        "p_grid_opt": [
            6.0,
            6.0
        ],
        "p_load_opt": [
            6.0,
            6.0
        ],
        "hvac_cool_on_opt": [
            0.0,
            0.0
        ],
        "hvac_heat_on_opt": [
            1.0,
            1.0
        ],
        "wh_heat_on_opt": [
            1.0,
            1.0
        ],
        "cost_opt": [
            0.30000000000000004,
            0.30000000000000004
        ]
    },
    "Gary-U95TS": {
        "type": "base",
        "baseline_price": [],
        "reward_price": [],
        "temp_in_opt": [
            19.3,
            19.66369164574128,
            20.019700886588943
        ],
        "temp_wh_opt": [
            45.75,
            46.08254200938826,
            46.41530130425905
        ],
        "p_grid_opt": [
            6.0,
            6.0
        ],
        "p_load_opt": [
            6.0,
            6.0
        ],
        "hvac_cool_on_opt": [
            0.0,
            0.0
        ],
        "hvac_heat_on_opt": [
            1.0,
            1.0
        ],
        "wh_heat_on_opt": [
            1.0,
            1.0
        ],
        "cost_opt": [
            0.30000000000000004,
            0.30000000000000004
        ]
    },
    "Bruno-PVRNB": {
        "type": "base",
        "baseline_price": [],
        "reward_price": [],
        "temp_in_opt": [
            19.3,
            19.684180567103187,
            20.05971267136523
        ],
        "temp_wh_opt": [
            45.75,
            45.998788268495574,
            46.24859684821658
        ],
        "p_grid_opt": [
            6.0,
            6.0
        ],
        "p_load_opt": [
            6.0,
            6.0
        ],
        "hvac_cool_on_opt": [
            0.0,
            0.0
        ],
        "hvac_heat_on_opt": [
            1.0,
            1.0
        ],
        "wh_heat_on_opt": [
            1.0,
            1.0
        ],
        "cost_opt": [
            0.30000000000000004,
            0.30000000000000004
        ]
    },
    "Dorothy-9XMNY": {
        "type": "base",
        "baseline_price": [],
        "reward_price": [],
        "temp_in_opt": [
            19.3,
            19.55968395005827,
            19.812473150437828
        ],
        "temp_wh_opt": [
            45.75,
            45.971216636119124,
            46.192703123192786
        ],
        "p_grid_opt": [
            6.0,
            6.0
        ],
        "p_load_opt": [
            6.0,
            6.0
        ],
        "hvac_cool_on_opt": [
            0.0,
            0.0
        ],
        "hvac_heat_on_opt": [
            1.0,
            1.0
        ],
        "wh_heat_on_opt": [
            1.0,
            1.0
        ],
        "cost_opt": [
            0.30000000000000004,
            0.30000000000000004
        ]
    },
    "Jason-INS3S": {
        "type": "base",
        "baseline_price": [],
        "reward_price": [],
        "temp_in_opt": [
            19.3,
            19.71158009373783,
            20.113501471709927
        ],
        "temp_wh_opt": [
            45.75,
            46.02491492599653,
            46.30117365567303
        ],
        "p_grid_opt": [
            6.0,
            6.0
        ],
        "p_load_opt": [
            6.0,
            6.0
        ],
        "hvac_cool_on_opt": [
            0.0,
            0.0
        ],
        "hvac_heat_on_opt": [
            1.0,
            1.0
        ],
        "wh_heat_on_opt": [
            1.0,
            1.0
        ],
        "cost_opt": [
            0.30000000000000004,
            0.30000000000000004
        ]
    },
    "Alvin-4BAYB": {
        "type": "base",
        "baseline_price": [],
        "reward_price": [],
        "temp_in_opt": [
            19.3,
            19.579304769828152,
            19.851286307785024
        ],
        "temp_wh_opt": [
            45.75,
            46.01961375644369,
            46.28925265775571
        ],
        "p_grid_opt": [
            6.0,
            6.0
        ],
        "p_load_opt": [
            6.0,
            6.0
        ],
        "hvac_cool_on_opt": [
            0.0,
            0.0
        ],
        "hvac_heat_on_opt": [
            1.0,
            1.0
        ],
        "wh_heat_on_opt": [
            1.0,
            1.0
        ],
        "cost_opt": [
            0.30000000000000004,
            0.30000000000000004
        ]
    },
    "Edna-DTGZB": {
        "type": "base",