{
    "timestep": [
        -1,
        0,
        1,
        2,
        3,
        4,
        5,
        6,
        7
    ],
    "theta": [
        [
            0.5,
            0.5,
            0.5,
            0.5,
            0.5,
            0.5,
            0.5,
            0.5
        ],
        [
            0.5,
            0.5,
            0.5,
            0.5,
            0.5002908412491467,
            0.5,
            0.4999617100231484,
            0.5
        ],
        [
            0.5,
            0.5,
            0.5,
            0.5,
            0.4978790317001719,
            0.5,
            0.5009607142481947,
            0.5
        ],
        [
            0.5,
            0.4999835311612951,
            0.5,
            0.4999835311612951,
            0.4958079638883064,
            0.49999176558064756,
            0.5025499004741736,
            0.49998573756731074
        ],
        [
            0.5,
            0.4999835311612951,
            0.5,
            0.4999835311612951,
            0.49421877766232747,
            0.49999176558064756,
            0.5046209682860391,
            0.49998573756731074
        ],
        [
            0.5,
            0.4999658440729056,
            0.5,
            0.4999658440729056,
            0.49521778188737375,
            0.49997644811278324,
            0.5022091587370643,
            0.499976894023116
        ],
        [
            0.5,
            0.4999658440729056,
            0.5,
            0.4999658440729056,
            0.49555852362448305,
            0.49997644811278324,
            0.4996209682860391,
            0.499976894023116
        ],
        [
            0.5,
            0.4999658440729056,
            0.5,
            0.4999658440729056,
            0.49521778188737375,
            0.49997644811278324,
            0.4970327778350139,
            0.499976894023116
        ]
    ],
    "phi": [
        [
            1.0,
            0.0,
            1.0,
            0.0,
            0.0,
            0.0,
            1.0,
            0.0
        ],
        [
            1.0,
            0.0,
            1.0,
            0.0,
            0.0,
            0.0,
            1.0,
            0.0
        ],
        [
            1.0,
            0.0,
            1.0,
            0.0,
            0.25881904510252074,
            0.0,
            0.9659258262890683,
            0.0
        ],
        [
            1.0,
            -0.0016468838704860947,
            1.0,
            -0.0016468838704860947,
            0.49999999999999994,
            -0.0008234419352430472,
            0.8660254037844387,
            -0.0014262432689237995
        ],
        [
            1.0,
            0.0,
            1.0,
            0.0,
            0.7071067811865475,
            0.0,
            0.7071067811865476,
            0.0
        ],
        [
            1.0,
            0.001768708838950422,
            1.0,
            0.001768708838950422,
            0.8660254037844386,
            0.0015317467864291447,
            0.5000000000000001,
            0.0008843544194752112
        ],
        [
            1.0,
            0.0,
            1.0,
            0.0,
            0.9659258262890683,
            0.0,
            0.25881904510252074,
            0.0
        ],
        [
            1.0,
            0.0,
            1.0,
            0.0,
            1.0,
            0.0,
            6.123233995736766e-17,
            0.0
        ]
    ],
    "q_obs": [
        0.4999999813865521,
        0.6123724109469397,
        -4.316875078570433,
        -3.319523500997997,
        -5.784631702515824,
        4.062752947106951,
        2.639975053510869,
        2.4655997224362958
    ],
    "q_pred": [
        1.5,
        0.4999999813865521,
        0.6124107039914948,
        -0.9866542005711718,
        -1.550506869816771,
        -2.414926600997945,
        -1.3977300831208366,
        -0.9175233145917361
    ],
    "action": [
        0,
        0.0,
        0.0,
        -0.0016468838704860947,
        0.0,
        0.001768708838950422,
        0.0,
        0.0
    ],
    "state": [
        [
            -0.9999999813865525,
            -0.9999999813865525,
            -0.9999999813865525,
            0.0,
            0.0,
            0,
            7.445378984349564e-07
        ],
        [
            -0.9999999752511458,
            -0.9999999752511458,
            -0.9999999813865525,
            -2.45416265164648e-07,
            0.000245416265164648,
            0,
            9.899541635996044e-07
        ],
        [
            -0.9999999590054394,
            -0.9999999590054394,
            -0.9999999813865525,
            -8.952445235369115e-07,
            0.0008952445235369114,
            1,
            1.6397824219718678e-06
        ],
        [
            -0.9748395295108295,
            -0.9748395295108295,
            -0.9999999798944337,
            -1.0064180153441686,
            1006.4180750289222,
            2,
            1.0064188195668207
        ],
        [
            -0.40563196540402024,
            -0.40563196540402024,
            -0.9748395203825156,
            -22.76830219913981,
            23774.720579616536,
            3,
            23.77472138383919
        ],
        [
            0.28945497447679214,
            0.28945497447679214,
            -0.40563199244541764,
            -27.803478676888393,
            50.24922076528018,
            4,
            51.578198979071686
        ],
        [
            0.46625322745405134,
            0.46625322745405134,
            0.2894550672950141,
            -7.0719264063614915,
            1.4669114232555687,
            5,
            58.650129098162054
        ],
        [
            0.47253656069305255,
            0.47253656069305255,
            0.4662532084114215,
            -0.2513340912652424,
            0.14198361621246886,
            6,
            58.9014624277221
        ]
    ],
    "is_greedy": [
        true,
        true,
        false,
        true,
        false,
        true,
        true,
        true
    ],
    "q_tables": [
        [
            [
                -0.01,
                1.4849999999999999
            ],
            [
                0.0,
                1.5
            ]
        ],
        [
            [
                -0.01,
                1.5962487113388364
            ],
            [
                0.0,
                1.6123724356957945
            ]
        ],
        [
            [
                -0.01,
                1.6662948354052065
            ],
            [
                0.0,
                1.6831249624241287
            ]
        ],
        [
            [
                -0.01,
                1.6892152898668729
            ],
            [
                0.0,
                1.7062863576787384
            ]
        ],
        [
            [
                -0.01,
                1.6638275873451764
            ],
            [
                0.0,
                1.6806572423629977
            ]
        ],
        [
            [
                -0.01,
                1.5918609198036504
            ],
            [
                0.0,
                1.607984198331559
            ]
        ],
        [
            [
                -0.01,
                1.4802187005247878
            ],
            [
                0.0,
                1.4952177818873738
            ]
        ],
        [
            [
                -0.01,
                1.3358266713852818
            ],
            [
                0.0,
                1.3493613544815801
            ]
        ]
    ],
    "average_reward": [
        -1.000000018613448,
        -1.0000000216811513,
        -2.6666666947856217,
        -3.2564524857584,
        -4.098219777582484,
        -3.006055023189505,
        -2.413081838216219,
        -1.9719168124448525
    ],